{
    "format_version": 1.0,
    "list": {
        "p,h1,h2,h3,h4,h5,h6,pre,u,i,s,q,abbr,address,cite,code,em,strong,dfn,var": [
            "text"
        ],
        "h1,h2,h3,h4,h5,h6": [
            "h"
        ],
        "a": [
            "href"
        ],
        "img,iframe": [
            "img"
        ],
        "picture,audio,video": [
        "media"
        ],
        "audio": [
        "audio"
        ],
        "video": [
        "audio","video"
        ],
        "input": [
        "input"
        ]
    }
}