{"format_version":1,"list":{"global":{"display":{"jsdlist":{"type":"optionlist","infor":"显示方式","list":{"block":"块级","inline":"行内","inline-block":"行内块","none":"不渲染","flex":"flex弹性布局","grid":"grid网格布局"}}},"border":{"jsdlist":{"type":"sprit","infor":"边框全部","list":[{"jsdlist":{"type":"sprit","infor":"","dv":"","list":[{"jsdlist":{"type":"number","infor":"","list":[0,64,0]}},{"jsdlist":{"type":"radio","infor":"","list":{"px":"像素","em":"相对于元素的字体大小","mm":"毫米","%":"相对于父元素"}}}," "],"className":"length"}},{"jsdlist":{"type":"radio","infor":"","list":{"solid":"实线","dashed":"虚线","dotted":"点线","double":"双层","groove":"凹槽","ridge":"垄状","inset":"3d凹下","outset":"3d凸起","none":"禁用边框"}}}," ",{"jsdlist":{"type":"color","infor":"","list":{}}}]}},"h":{"jsdlist":{"commandType":"details","type":"command","value":"按照每个边设置边框"}},"border-top":{"jsdlist":{"type":"sprit","infor":"上","list":[{"jsdlist":{"type":"sprit","infor":"","dv":"","list":[{"jsdlist":{"type":"number","infor":"","list":[0,64,0]}},{"jsdlist":{"type":"radio","infor":"","list":{"px":"像素","em":"相对于元素的字体大小","mm":"毫米","%":"相对于父元素"}}}," "],"className":"length"}},{"jsdlist":{"type":"radio","infor":"","list":{"solid":"实线","dashed":"虚线","dotted":"点线","double":"双层","groove":"凹槽","ridge":"垄状","inset":"3d凹下","outset":"3d凸起","none":"禁用边框"}}}," ",{"jsdlist":{"type":"color","infor":"","list":{}}}]}},"border-left":{"jsdlist":{"type":"sprit","infor":"左","list":[{"jsdlist":{"type":"sprit","infor":"","dv":"","list":[{"jsdlist":{"type":"number","infor":"","list":[0,64,0]}},{"jsdlist":{"type":"radio","infor":"","list":{"px":"像素","em":"相对于元素的字体大小","mm":"毫米","%":"相对于父元素"}}}," "],"className":"length"}},{"jsdlist":{"type":"radio","infor":"","list":{"solid":"实线","dashed":"虚线","dotted":"点线","double":"双层","groove":"凹槽","ridge":"垄状","inset":"3d凹下","outset":"3d凸起","none":"禁用边框"}}}," ",{"jsdlist":{"type":"color","infor":"","list":{}}}]}},"border-bottom":{"jsdlist":{"type":"sprit","infor":"下","list":[{"jsdlist":{"type":"sprit","infor":"","dv":"","list":[{"jsdlist":{"type":"number","infor":"","list":[0,64,0]}},{"jsdlist":{"type":"radio","infor":"","list":{"px":"像素","em":"相对于元素的字体大小","mm":"毫米","%":"相对于父元素"}}}," "],"className":"length"}},{"jsdlist":{"type":"radio","infor":"","list":{"solid":"实线","dashed":"虚线","dotted":"点线","double":"双层","groove":"凹槽","ridge":"垄状","inset":"3d凹下","outset":"3d凸起","none":"禁用边框"}}}," ",{"jsdlist":{"type":"color","infor":"","list":{}}}]}},"border-right":{"jsdlist":{"type":"sprit","infor":"右","list":[{"jsdlist":{"type":"sprit","infor":"","dv":"","list":[{"jsdlist":{"type":"number","infor":"","list":[0,64,0]}},{"jsdlist":{"type":"radio","infor":"","list":{"px":"像素","em":"相对于元素的字体大小","mm":"毫米","%":"相对于父元素"}}}," "],"className":"length"}},{"jsdlist":{"type":"radio","infor":"","list":{"solid":"实线","dashed":"虚线","dotted":"点线","double":"双层","groove":"凹槽","ridge":"垄状","inset":"3d凹下","outset":"3d凸起","none":"禁用边框"}}}," ",{"jsdlist":{"type":"color","infor":"","list":{}}}]}},"outline":{"jsdlist":{"type":"sprit","infor":"轮廓","list":[{"jsdlist":{"type":"sprit","infor":"","dv":"","list":[{"jsdlist":{"type":"number","infor":"","list":[0,64,0]}},{"jsdlist":{"type":"radio","infor":"","list":{"px":"像素","em":"相对于元素的字体大小","mm":"毫米","%":"相对于父元素"}}}," "],"className":"length"}},{"jsdlist":{"type":"radio","infor":"","list":{"solid":"实线","dashed":"虚线","dotted":"点线","double":"双层","groove":"凹槽","ridge":"垄状","inset":"3d凹下","outset":"3d凸起","none":"禁用边框"}}}," ",{"jsdlist":{"type":"color","infor":"","list":{}}}]}},"hgdo":{"jsdlist":{"commandType":"detailsOver","type":"command","value":"#cssEdit"}},"border-radius":{"jsdlist":{"type":"array","infor":"圆角","dv":[],"list":[{"jsdlist":{"type":"sprit","infor":"左上(右下)","dv":"","list":[{"jsdlist":{"type":"number","infor":"","list":[0,20,0]}},{"jsdlist":{"type":"radio","infor":"","list":{"px":"像素","em":"相对于元素的字体大小","mm":"毫米","%":"相对于父元素"}}}," "],"className":"length"}},{"jsdlist":{"type":"sprit","infor":"左上(右下)","dv":"","list":[{"jsdlist":{"type":"number","infor":"","list":[0,20,0]}},{"jsdlist":{"type":"radio","infor":"","list":{"px":"像素","em":"相对于元素的字体大小","mm":"毫米","%":"相对于父元素"}}}," "],"className":"length"}},{"jsdlist":{"type":"sprit","infor":"右下","dv":"","list":[{"jsdlist":{"type":"number","infor":"","list":[0,20,0]}},{"jsdlist":{"type":"radio","infor":"","list":{"px":"像素","em":"相对于元素的字体大小","mm":"毫米","%":"相对于父元素"}}}," "],"className":"length"}},{"jsdlist":{"type":"sprit","infor":"左下","dv":"","list":[{"jsdlist":{"type":"number","infor":"","list":[0,20,0]}},{"jsdlist":{"type":"radio","infor":"","list":{"px":"像素","em":"相对于元素的字体大小","mm":"毫米","%":"相对于父元素"}}}," "],"className":"length"}}],"string":true,"max":4}},"margin":{"jsdlist":{"type":"array","infor":"外边距","dv":[],"list":[{"jsdlist":{"type":"sprit","infor":"上(下)(所有)","dv":"","list":[{"jsdlist":{"type":"number","infor":"","list":[0,1024,0]}},{"jsdlist":{"type":"radio","infor":"","list":{"px":"像素","em":"相对于元素的字体大小","mm":"毫米","%":"相对于父元素"}}}," "],"className":"length"}},{"jsdlist":{"type":"sprit","infor":"右(左)","dv":"","list":[{"jsdlist":{"type":"number","infor":"","list":[0,1024,0]}},{"jsdlist":{"type":"radio","infor":"","list":{"px":"像素","em":"相对于元素的字体大小","mm":"毫米","%":"相对于父元素"}}}," "],"className":"length"}},{"jsdlist":{"type":"sprit","infor":"下","dv":"","list":[{"jsdlist":{"type":"number","infor":"","list":[0,1024,0]}},{"jsdlist":{"type":"radio","infor":"","list":{"px":"像素","em":"相对于元素的字体大小","mm":"毫米","%":"相对于父元素"}}}," "],"className":"length"}},{"jsdlist":{"type":"sprit","infor":"左","dv":"","list":[{"jsdlist":{"type":"number","infor":"","list":[0,1024,0]}},{"jsdlist":{"type":"radio","infor":"","list":{"px":"像素","em":"相对于元素的字体大小","mm":"毫米","%":"相对于父元素"}}}," "],"className":"length"}}],"string":true,"max":4}},"padding":{"jsdlist":{"type":"array","infor":"内边距","dv":[],"list":[{"jsdlist":{"type":"sprit","infor":"上(下)(所有)","dv":"","list":[{"jsdlist":{"type":"number","infor":"","list":[0,64,0]}},{"jsdlist":{"type":"radio","infor":"","list":{"px":"像素","em":"相对于元素的字体大小","mm":"毫米","%":"相对于父元素"}}}," "],"className":"length"}},{"jsdlist":{"type":"sprit","infor":"右(左)","dv":"","list":[{"jsdlist":{"type":"number","infor":"","list":[0,64,0]}},{"jsdlist":{"type":"radio","infor":"","list":{"px":"像素","em":"相对于元素的字体大小","mm":"毫米","%":"相对于父元素"}}}," "],"className":"length"}},{"jsdlist":{"type":"sprit","infor":"下","dv":"","list":[{"jsdlist":{"type":"number","infor":"","list":[0,64,0]}},{"jsdlist":{"type":"radio","infor":"","list":{"px":"像素","em":"相对于元素的字体大小","mm":"毫米","%":"相对于父元素"}}}," "],"className":"length"}},{"jsdlist":{"type":"sprit","infor":"左","dv":"","list":[{"jsdlist":{"type":"number","infor":"","list":[0,64,0]}},{"jsdlist":{"type":"radio","infor":"","list":{"px":"像素","em":"相对于元素的字体大小","mm":"毫米","%":"相对于父元素"}}}," "],"className":"length"}}],"string":true,"max":4}}},"text":{"color":{"jsdlist":{"type":"color","infor":"文本颜色","list":{}}}},"input":{"caret-color":{"jsdlist":{"type":"color","infor":"光标颜色","list":{}}}},"background":{}}}