{"format_version":1,"list":{"global":{"id":{"jsdlist":{"type":"text","infor":"id","list":{}}},"draggable":{"jsdlist":{"type":"boolean","infor":"拖动","list":false}}},"text":{"innerHTML":{"jsdlist":{"type":"bigtext","infor":"文本内容","list":{}}},"nodeType":{"jsdlist":{"type":"doubleRowRadio","infor":"文本类型","list":{"p":"段落","b":"加粗","pre":"预格式","u":"下划线","i":"斜体","s":"已删除文本","q":"短引用","mark":"高亮标记","abbr":"缩写","address":"联系信息","cite":"引用","code":"计算机代码","em":"强调","strong":"更强的强调","dfn":"定义项目","var":"变量"}}}},"h":{"nodeType":{"jsdlist":{"type":"sprit","infor":"","list":["h",{"jsdlist":{"type":"number","infor":"标题大小","list":[1,6,1]}}]}}},"href":{"href":{"jsdlist":{"type":"text","infor":"链接指向","list":{}}}},"progress":{"value":{"jsdlist":{"type":"number","infor":"进度条已经走了的进度","list":[0,100,0]}},"max":100},"title":{"title":{"jsdlist":{"type":"text","infor":"额外信息(title)","list":{}}}},"img":{"src":{"jsdlist":{"type":"BEimage","infor":"图片","list":{}}},"loading":{"jsdlist":{"type":"doubleRowRadio","infor":"加载方式","list":{"eager":"立刻加载","lazy":"稍后加载"}}}},"media":{"preload":{"jsdlist":{"type":"boolean","infor":"预加载","list":false}},"innerHTML":{"jsdlist":{"type":"array","infor":"来源","dv":[],"list":[{"jsdlist":{"type":"sprit","infor":"","list":["<source src=\"",{"jsdlist":{"type":"text","infor":"来源链接","list":{}}},"\" type=\"",{"jsdlist":{"type":"text","infor":"来源文件类型","list":{}}},"\">"]}}],"string":true}}},"audio":{"muted":{"jsdlist":{"type":"boolean","infor":"静音","list":false}},"loop":{"jsdlist":{"type":"boolean","infor":"循环播放","list":false}},"controls":{"jsdlist":{"type":"boolean","infor":"显示控件","list":true}},"autoplay":{"jsdlist":{"type":"boolean","infor":"自动播放","list":false}}},"input":{"accept":{"jsdlist":{"type":"text","infor":"上传文件类型","list":{}}},"autocomplete":{"jsdlist":{"type":"doubleRowRadio","infor":"是否保存上次提交内容","list":{"on":"是","off":"否"}}},"type":{"jsdlist":{"type":"doubleRowRadio","infor":"表单类型","list":{"text":"一般文本","password":"密码","radio":"单选","file":"上传文件","checkbox":"多选","number":"数字","date":"日期","color":"颜色","range":"滑块","email":"电子邮件(英文)","search":"搜索框(自带x)","tel":"手机号","url":"链接(英文)"}}}}}}