{"format_version":1,"list":{"global":{"id":{"tempData":{"type":"text","infor":"id","dv":"","list":{}}},"innerHTML":{"tempData":{"type":"textarea","infor":"globalText(Not recommended)","dv":null,"list":{}}},"draggable":{"tempData":{"type":"boolean","infor":"拖动","dv":false,"list":{"data":false}}}},"text":{"innerHTML":{"tempData":{"type":"textarea","infor":"文本内容","dv":null,"list":{}}},"nodeType":{"tempData":{"type":"select","infor":"文本类型","dv":null,"list":{"p":"段落","b":"加粗","pre":"预格式","u":"下划线","i":"斜体","s":"已删除文本","q":"短引用","mark":"高亮标记","abbr":"缩写","address":"联系信息","cite":"引用","code":"计算机代码","em":"强调","strong":"更强的强调","dfn":"定义项目","var":"变量"}}}},"h":{"nodeType":{"tempData":{"type":"sprit","infor":"","dv":[""],"list":{"data":["h",{"tempData":{"type":"number","infor":"标题大小","dv":0,"list":{"data":[1,6,1]}}}]}}}},"href":{"href":{"tempData":{"type":"text","infor":"链接指向","dv":"","list":{}}}},"progress":{"value":{"tempData":{"type":"number","infor":"进度条已经走了的进度","dv":0,"list":{"data":[0,100,0]}}},"max":100},"title":{"title":{"tempData":{"type":"text","infor":"额外信息(title)","dv":"","list":{}}}},"img":{"src":{"tempData":{"type":"image","infor":"图片","dv":null,"list":{"uploadPath":"webCreater/v4n/cache/"}}},"loading":{"tempData":{"type":"select","infor":"加载方式","dv":null,"list":{"eager":"立刻加载","lazy":"稍后加载"}}}},"media":{"preload":{"tempData":{"type":"boolean","infor":"预加载","dv":false,"list":{"data":false}}},"innerHTML":{"tempData":{"type":"array","infor":"来源","dv":[],"list":{"data":[{"tempData":{"type":"sprit","infor":"","dv":[""],"list":{"data":["<source src=\"",{"tempData":{"type":"text","infor":"来源链接","dv":"","list":{}}},"\" type=\"",{"tempData":{"type":"text","infor":"来源文件类型","dv":"","list":{}}},"\">"]}}}]},"string":true}}},"audio":{"muted":{"tempData":{"type":"boolean","infor":"静音","dv":false,"list":{"data":false}}},"loop":{"tempData":{"type":"boolean","infor":"循环播放","dv":false,"list":{"data":false}}},"controls":{"tempData":{"type":"boolean","infor":"显示控件","dv":false,"list":{"data":true}}},"autoplay":{"tempData":{"type":"boolean","infor":"自动播放","dv":false,"list":{"data":false}}}},"input":{"accept":{"tempData":{"type":"text","infor":"上传文件类型","dv":"","list":{}}},"autocomplete":{"tempData":{"type":"select","infor":"是否保存上次提交内容","dv":null,"list":{"on":"是","off":"否"}}},"type":{"tempData":{"type":"select","infor":"表单类型","dv":null,"list":{"text":"一般文本","password":"密码","radio":"单选","file":"上传文件","checkbox":"多选","number":"数字","date":"日期","color":"颜色","range":"滑块","email":"电子邮件(英文)","search":"搜索框(自带x)","tel":"手机号","url":"链接(英文)"}}}}}}