{"format_version":1,"list":{"global":{"author":{"jsdlist":{"type":"text","infor":"作者署名","list":{}}},"scalable":{"jsdlist":{"type":"radio","infor":"","list":{"yes":"允许用户缩放","no":"不允许用户缩放"}}},"keywords":{"jsdlist":{"type":"text","infor":"关键词","list":{}}},"description":{"jsdlist":{"type":"text","infor":"页面描述","list":{}}},"applicationName":{"jsdlist":{"type":"text","infor":"应用程序名称","list":{}}},"referrer":{"jsdlist":{"type":"text","infor":"作者署名","list":{}}},"title":{"jsdlist":{"type":"text","infor":"标题","list":{}}}}}}