{
    "ex": {
        "text": {
            "name": "文本(类型)",
            "list": {
                "p": {
                    "name": "一般文本(元素)",
                    "attr": []
                },
                "pre": {
                    "name": "预格式文本",
                    "attr": []
                },
                "abbr": {
                    "name": "<abbr title='ss'>缩写</abbr>",
                    "attr": [
                        "title"
                    ]
                },
                "a": {
                    "name": "<a href=''>链接</a>",
                    "attr": [
                        "href"
                    ]
                }
            }
        },
        "div": {
            "name": "块",
            "list": {
                "div": {
                    "name": "块",
                    "attr": []
                },
                "span": {
                    "name": "内联块",
                    "attr": []
                }
            }
        },
        "png": {
            "name": "媒体",
            "list": {
                "img": {
                    "name": "图像",
                    "attr": [
                        "img"
                    ]
                },
                "audio": {
                    "name": "音频",
                    "attr": [
                        "media"
                    ]
                },
                "video": {
                    "name": "视频",
                    "attr": [
                        "media"
                    ]
                }
            }
        },
        "pb": {
            "name": "排版",
            "list": {
                "hr": {
                    "name": "<hr />",
                    "attr": []
                },
                "br": {
                    "name": "换行",
                    "attr": []
                }
            }
        },
        "form": {
            "name": "表单",
            "list": {
                "input": {
                    "name": "输入",
                    "attr": [
                        "input"
                    ]
                },
                "textarea": {},
                "select": {}
            }
        },
        "semantization": {
            "name": "语义元素",
            "list": {
                "article": {
                    "name": "文章",
                    "attr": []
                },
                "aside": {
                    "name": "侧边栏",
                    "attr": []
                },
                "details": {
                    "name": "详情",
                    "attr": []
                },
                "figcaption": {
                    "name": "图注",
                    "attr": []
                },
                "figure": {
                    "name": "图形",
                    "attr": []
                },
                "footer": {
                    "name": "页脚",
                    "attr": []
                },
                "header": {
                    "name": "页眉",
                    "attr": []
                },
                "main": {
                    "name": "主要内容",
                    "attr": []
                },
                "mark": {
                    "name": "标记",
                    "attr": []
                },
                "nav": {
                    "name": "导航",
                    "attr": []
                },
                "section": {
                    "name": "节",
                    "attr": []
                },
                "summary": {
                    "name": "摘要",
                    "attr": []
                },
                "time": {
                    "name": "时间",
                    "attr": []
                }
            }
        }
    }
}