{
    "ex": {
        "text": {
            "p": {
                "nodeName": [
                    "p",
                    "b",
                    "pre"
                ],
                "name": "文本",
                "attr": ""
            }
        }
    }
}
,
                "source": {
                    "name": "资源",
                    "attr": [
                        "source"
                    ]
                },
                "canvas": {
                    "name": "画布",
                    "attr": []
                },
                "svg": {
                    "name": "svg图像",
                    "attr": []
                }