{
    "p": {
        "title": "文本",
        "data": {
            "p": "一般文本",
            "b": "加粗文本",
            "pre": "预格式文本",
            "abbr": "缩写",
            "address": "联系信息",
            "cite": "引用",
            "code": "计算机代码",
            "em": "强调",
            "strong": "更强的强调",
            "dfn": "定义项目",
            "var": "变量",
            "a":"链接"
        }
    },
    "div": {
        "title": "块",
        "data": {
            "div": "块",
            "span": "行内",
            "header": "页眉",
            "footer": "页尾",
            "section": "独立章节",
            "main": "主要内容",
            "article": "文章",
            "aside": "侧边栏",
            "dialog": "对话框",
            "details": "折叠内容",
            "summary": "折叠内容标题"
        }
    }
}